2025-11-30 21:12:25,,person
2025-11-30 21:12:26,CHAYMAE,
2025-11-30 21:12:26,,person
2025-11-30 21:12:27,CHAYMAE,
2025-11-30 21:12:27,,person
2025-11-30 21:12:28,CHAYMAE,
2025-11-30 21:12:28,,person
2025-11-30 21:12:29,CHAYMAE,
2025-11-30 21:12:29,,person
2025-11-30 21:12:30,CHAYMAE,
2025-11-30 21:12:30,,person
2025-11-30 21:12:30,,cell phone
2025-11-30 21:12:31,CHAYMAE,
2025-11-30 21:12:31,,person
2025-11-30 21:12:31,CHAYMAE,
2025-11-30 21:12:32,CHAYMAE,
2025-11-30 21:12:32,,person
2025-11-30 21:12:32,CHAYMAE,
2025-11-30 21:12:32,,person
2025-11-30 21:12:33,CHAYMAE,
2025-11-30 21:12:33,,person
2025-11-30 21:12:34,CHAYMAE,
2025-11-30 21:12:34,,person
2025-11-30 21:12:35,CHAYMAE,
2025-11-30 21:12:35,,person
2025-11-30 21:12:36,CHAYMAE,
2025-11-30 21:12:36,,person
2025-11-30 21:12:37,CHAYMAE,
2025-11-30 21:12:37,CHAYMAE,
2025-11-30 21:12:37,,person
2025-11-30 21:12:38,CHAYMAE,
2025-11-30 21:12:38,CHAYMAE,
2025-11-30 21:12:38,,person
2025-11-30 21:12:39,CHAYMAE,
2025-11-30 21:12:39,,person
2025-11-30 21:12:39,CHAYMAE,
2025-11-30 21:12:40,,person
2025-11-30 21:12:40,CHAYMAE,
2025-11-30 21:12:40,,person
2025-11-30 21:12:41,CHAYMAE,
2025-11-30 21:12:41,,person
2025-11-30 21:12:42,CHAYMAE,
2025-11-30 21:12:42,,person
2025-11-30 21:12:42,CHAYMAE,
2025-11-30 21:12:42,,person
2025-11-30 21:12:43,CHAYMAE,
2025-11-30 21:12:43,,person
2025-11-30 21:12:43,CHAYMAE,
2025-11-30 21:12:44,,person
2025-11-30 21:12:44,CHAYMAE,
2025-11-30 21:12:44,,person
2025-11-30 21:12:45,CHAYMAE,
2025-11-30 21:12:45,,person
2025-11-30 21:12:45,CHAYMAE,
2025-11-30 21:12:45,,person
2025-11-30 21:12:46,CHAYMAE,
2025-11-30 21:12:46,,person
2025-11-30 21:12:46,CHAYMAE,
2025-11-30 21:12:47,,person
2025-11-30 21:12:47,CHAYMAE,
2025-11-30 21:12:47,,person
2025-11-30 21:12:48,CHAYMAE,
2025-11-30 21:12:48,,person
2025-11-30 21:12:48,CHAYMAE,
2025-11-30 21:12:48,,person
2025-11-30 21:12:49,CHAYMAE,
2025-11-30 21:12:49,,person
2025-11-30 21:12:50,CHAYMAE,
2025-11-30 21:12:50,,person
2025-11-30 21:12:50,CHAYMAE,
2025-11-30 21:12:50,,person
2025-11-30 21:12:51,CHAYMAE,
2025-11-30 21:12:51,,person
2025-11-30 21:12:52,CHAYMAE,
2025-11-30 21:12:52,CHAYMAE,
2025-11-30 21:12:52,,person
2025-11-30 21:12:52,CHAYMAE,
2025-11-30 21:12:53,,person
2025-11-30 21:12:53,CHAYMAE,
2025-11-30 21:12:53,,person
2025-11-30 21:12:54,CHAYMAE,
2025-11-30 21:12:54,,person
2025-11-30 21:12:55,CHAYMAE,
2025-11-30 21:12:55,,person
2025-11-30 21:12:56,CHAYMAE,
2025-11-30 21:12:56,,person
2025-11-30 21:12:56,CHAYMAE,
2025-11-30 21:12:57,,person
2025-11-30 21:12:57,CHAYMAE,
2025-11-30 21:12:58,,person
2025-11-30 21:12:58,CHAYMAE,
2025-11-30 21:12:58,,person
2025-11-30 21:12:59,CHAYMAE,
2025-11-30 21:12:59,CHAYMAE,
2025-11-30 21:13:00,,person
2025-11-30 21:13:00,CHAYMAE,
2025-11-30 21:13:00,,person
2025-11-30 21:13:01,CHAYMAE,
2025-11-30 21:13:01,CHAYMAE,
2025-11-30 21:13:01,,person
2025-11-30 21:13:02,CHAYMAE,
2025-11-30 21:13:02,CHAYMAE,
2025-11-30 21:13:02,,person
2025-11-30 21:13:03,CHAYMAE,
2025-11-30 21:13:03,CHAYMAE,
2025-11-30 21:13:03,CHAYMAE,
2025-11-30 21:13:03,,person
2025-11-30 21:13:04,CHAYMAE,
2025-11-30 21:13:05,,person
2025-11-30 21:13:06,CHAYMAE,
2025-11-30 21:13:06,,person
2025-11-30 21:13:07,CHAYMAE,
2025-11-30 21:13:07,CHAYMAE,
2025-11-30 21:13:07,,person
2025-11-30 21:13:08,CHAYMAE,
2025-11-30 21:13:08,,person
2025-11-30 21:13:09,CHAYMAE,
2025-11-30 21:13:09,,person
2025-11-30 21:13:10,CHAYMAE,
2025-11-30 21:13:10,,person
2025-11-30 21:13:10,CHAYMAE,
2025-11-30 21:13:11,CHAYMAE,
2025-11-30 21:13:11,,person
2025-11-30 21:13:12,CHAYMAE,
2025-11-30 21:13:12,YASSINE,
2025-11-30 21:13:12,,person
2025-11-30 21:13:13,CHAYMAE,
2025-11-30 21:13:13,CHAYMAE,
2025-11-30 21:13:13,,person
2025-11-30 21:13:13,CHAYMAE,
2025-11-30 21:13:14,CHAYMAE,
2025-11-30 21:13:14,,person
2025-11-30 21:13:14,CHAYMAE,
2025-11-30 21:13:14,CHAYMAE,
2025-11-30 21:13:14,,person
2025-11-30 21:13:15,CHAYMAE,
2025-11-30 21:13:15,,person
2025-11-30 21:13:15,CHAYMAE,
2025-11-30 21:13:16,,person
2025-11-30 21:13:16,CHAYMAE,
2025-11-30 21:13:16,,person
2025-11-30 21:13:16,,person
2025-11-30 21:13:17,CHAYMAE,
2025-11-30 21:13:17,,person
2025-11-30 21:13:17,CHAYMAE,
2025-11-30 21:13:17,CHAYMAE,
2025-11-30 21:13:18,,person
2025-11-30 21:13:18,CHAYMAE,
2025-11-30 21:13:18,,person
2025-11-30 21:13:18,,person
2025-11-30 21:13:19,CHAYMAE,
2025-11-30 21:13:19,,person
2025-11-30 21:13:19,CHAYMAE,
2025-11-30 21:13:19,,person
2025-11-30 21:13:19,,person
2025-11-30 21:13:20,CHAYMAE,
2025-11-30 21:13:20,,person
2025-11-30 21:13:20,CHAYMAE,
2025-11-30 21:13:20,,person
2025-11-30 21:13:21,CHAYMAE,
2025-11-30 21:13:21,,person
2025-11-30 21:13:21,CHAYMAE,
2025-11-30 21:13:21,CHAYMAE,
2025-11-30 21:13:21,,person
2025-11-30 21:13:22,CHAYMAE,
2025-11-30 21:13:22,,person
2025-11-30 21:13:23,CHAYMAE,
2025-11-30 21:13:23,CHAYMAE,
2025-11-30 21:13:23,,person
2025-11-30 21:13:23,CHAYMAE,
2025-11-30 21:13:23,,person
2025-11-30 21:13:24,CHAYMAE,
2025-11-30 21:13:24,,person
2025-11-30 21:13:24,CHAYMAE,
2025-11-30 21:13:25,,person
2025-11-30 21:13:25,CHAYMAE,
2025-11-30 21:13:26,,person
2025-11-30 21:13:26,CHAYMAE,
2025-11-30 21:13:26,,person
2025-11-30 21:13:27,CHAYMAE,
2025-11-30 21:13:27,,person
2025-11-30 21:13:27,CHAYMAE,
2025-11-30 21:13:28,,person
2025-11-30 21:13:28,CHAYMAE,
2025-11-30 21:13:28,,person
2025-11-30 21:13:29,CHAYMAE,
2025-11-30 21:13:29,,person
2025-11-30 21:13:29,CHAYMAE,
2025-11-30 21:13:29,,person
2025-11-30 21:13:30,CHAYMAE,
2025-11-30 21:13:30,,person
2025-11-30 21:13:30,CHAYMAE,
2025-11-30 21:13:30,,person
2025-11-30 21:13:31,CHAYMAE,
2025-11-30 21:13:31,,person
2025-11-30 21:13:31,CHAYMAE,
2025-11-30 21:13:31,,person
2025-11-30 21:13:32,CHAYMAE,
2025-11-30 21:13:32,,person
2025-11-30 21:13:32,CHAYMAE,
2025-11-30 21:13:33,,person
2025-11-30 21:13:33,CHAYMAE,
2025-11-30 21:13:33,,person
2025-11-30 21:13:34,CHAYMAE,
2025-11-30 21:13:34,,person
2025-11-30 21:13:34,CHAYMAE,
2025-11-30 21:13:34,,person
2025-11-30 21:13:35,CHAYMAE,
2025-11-30 21:13:35,,person
2025-11-30 21:13:35,CHAYMAE,
2025-11-30 21:13:35,,person
2025-11-30 21:13:36,CHAYMAE,
2025-11-30 21:13:36,,person
2025-11-30 21:13:36,CHAYMAE,
2025-11-30 21:13:37,,person
2025-11-30 21:13:37,CHAYMAE,
2025-11-30 21:13:37,,person
2025-11-30 21:13:38,CHAYMAE,
2025-11-30 21:13:38,,person
2025-11-30 21:13:39,CHAYMAE,
2025-11-30 21:13:39,,person
2025-11-30 21:13:39,CHAYMAE,
2025-11-30 21:13:39,,person
2025-11-30 21:13:40,CHAYMAE,
2025-11-30 21:13:40,,person
2025-11-30 21:13:40,CHAYMAE,
2025-11-30 21:13:40,CHAYMAE,
2025-11-30 21:13:40,,person
2025-11-30 21:13:41,CHAYMAE,
2025-11-30 21:13:41,,person
2025-11-30 21:13:41,CHAYMAE,
2025-11-30 21:13:41,,person
2025-11-30 21:13:42,CHAYMAE,
2025-11-30 21:13:42,,person
2025-11-30 21:13:42,CHAYMAE,
2025-11-30 21:13:42,,person
2025-11-30 21:13:43,CHAYMAE,
2025-11-30 21:13:43,,person
2025-11-30 21:13:43,CHAYMAE,
2025-11-30 21:13:44,,person
2025-11-30 21:13:44,CHAYMAE,
2025-11-30 21:13:44,,person
2025-11-30 21:13:45,CHAYMAE,
2025-11-30 21:13:45,,person
2025-11-30 21:13:45,CHAYMAE,
2025-11-30 21:13:45,,person
2025-11-30 21:13:46,CHAYMAE,
2025-11-30 21:13:46,,person
2025-11-30 21:13:46,CHAYMAE,
2025-11-30 21:13:47,,person
2025-11-30 21:13:47,CHAYMAE,
2025-11-30 21:13:47,,person
2025-11-30 21:13:48,CHAYMAE,
2025-11-30 21:13:48,CHAYMAE,
2025-11-30 21:13:48,,person
2025-11-30 21:13:48,CHAYMAE,
2025-11-30 21:13:49,CHAYMAE,
2025-11-30 21:13:49,,person
2025-11-30 21:13:49,CHAYMAE,
2025-11-30 21:13:49,,person
2025-11-30 21:13:50,CHAYMAE,
2025-11-30 21:13:50,,person
2025-11-30 21:13:50,CHAYMAE,
2025-11-30 21:13:50,,person
2025-11-30 21:13:51,CHAYMAE,
2025-11-30 21:13:51,,person
2025-11-30 21:13:51,CHAYMAE,
2025-11-30 21:13:51,,person
2025-11-30 21:13:52,CHAYMAE,
2025-11-30 21:13:52,,person
2025-11-30 21:13:52,CHAYMAE,
2025-11-30 21:13:53,,person
2025-11-30 21:13:53,CHAYMAE,
2025-11-30 21:13:53,,person
2025-11-30 21:13:53,CHAYMAE,
2025-11-30 21:13:54,,person
2025-11-30 21:13:54,CHAYMAE,
2025-11-30 21:13:54,,person
2025-11-30 21:13:54,CHAYMAE,
2025-11-30 21:13:55,,person
2025-11-30 21:13:55,CHAYMAE,
2025-11-30 21:13:55,,person
2025-11-30 21:13:56,CHAYMAE,
2025-11-30 21:13:56,,person
2025-11-30 21:13:56,CHAYMAE,
2025-11-30 21:13:56,,person
2025-11-30 21:13:57,CHAYMAE,
2025-11-30 21:13:57,,person
2025-11-30 21:13:58,CHAYMAE,
2025-11-30 21:13:58,,person
2025-11-30 21:13:58,CHAYMAE,
2025-11-30 21:13:58,,person
2025-11-30 21:13:59,CHAYMAE,
2025-11-30 21:13:59,,person
2025-11-30 21:14:00,CHAYMAE,
2025-11-30 21:14:00,,person
2025-11-30 21:14:00,CHAYMAE,
2025-11-30 21:14:01,,person
2025-11-30 21:14:01,CHAYMAE,
2025-11-30 21:14:02,,person
2025-11-30 21:14:02,CHAYMAE,
2025-11-30 21:14:02,,person
2025-11-30 21:14:03,CHAYMAE,
2025-11-30 21:14:03,,person
2025-11-30 21:14:03,CHAYMAE,
2025-11-30 21:14:04,,person
2025-11-30 21:14:04,CHAYMAE,
2025-11-30 21:14:04,,person
2025-11-30 21:14:05,CHAYMAE,
2025-11-30 21:14:05,,person
2025-11-30 21:14:05,CHAYMAE,
2025-11-30 21:14:06,,person
2025-11-30 21:14:06,CHAYMAE,
2025-11-30 21:14:07,,person
2025-11-30 21:14:07,CHAYMAE,
2025-11-30 21:14:07,,person
2025-11-30 21:14:08,CHAYMAE,
2025-11-30 21:14:08,,person
2025-11-30 21:14:08,CHAYMAE,
2025-11-30 21:14:09,,person
2025-11-30 21:14:09,CHAYMAE,
2025-11-30 21:14:10,,person
2025-11-30 21:14:10,CHAYMAE,
2025-11-30 21:14:10,,person
2025-11-30 21:14:11,CHAYMAE,
2025-11-30 21:14:11,,person
2025-11-30 21:14:11,CHAYMAE,
2025-11-30 21:14:12,,person
2025-11-30 21:14:12,CHAYMAE,
2025-11-30 21:14:12,,person
2025-11-30 21:14:13,CHAYMAE,
2025-11-30 21:14:13,,person
2025-11-30 21:14:13,CHAYMAE,
2025-11-30 21:14:14,,person
2025-11-30 21:14:14,CHAYMAE,
2025-11-30 21:14:14,,person
2025-11-30 21:14:15,CHAYMAE,
2025-11-30 21:14:15,,person
2025-11-30 21:14:15,CHAYMAE,
2025-11-30 21:14:16,,person
2025-11-30 21:14:16,CHAYMAE,
2025-11-30 21:14:16,,person
2025-11-30 21:14:17,CHAYMAE,
2025-11-30 21:14:17,,person
2025-11-30 21:14:17,CHAYMAE,
2025-11-30 21:14:17,,person
2025-11-30 21:14:18,CHAYMAE,
2025-11-30 21:14:18,,person
2025-11-30 21:14:18,CHAYMAE,
2025-11-30 21:14:19,,person
2025-11-30 21:14:19,CHAYMAE,
2025-11-30 21:14:19,,person
2025-11-30 21:14:20,CHAYMAE,
2025-11-30 21:14:20,,person
2025-11-30 21:14:20,,person
2025-11-30 21:14:20,CHAYMAE,
2025-11-30 21:14:21,,person
2025-11-30 21:14:21,,person
2025-11-30 21:14:21,CHAYMAE,
2025-11-30 21:14:21,,person
2025-11-30 21:14:21,,person
2025-11-30 21:14:22,CHAYMAE,
2025-11-30 21:14:22,,person
2025-11-30 21:14:22,,person
2025-11-30 21:14:22,,person
2025-11-30 21:14:22,CHAYMAE,
2025-11-30 21:14:23,,person
2025-11-30 21:14:23,CHAYMAE,
2025-11-30 21:14:23,,person
2025-11-30 21:14:23,,person
2025-11-30 21:14:24,CHAYMAE,
2025-11-30 21:14:24,,person
2025-11-30 21:14:24,,person
2025-11-30 21:14:24,CHAYMAE,
2025-11-30 21:14:25,,person
2025-11-30 21:14:25,,person
2025-11-30 21:14:25,,person
2025-11-30 21:14:25,CHAYMAE,
2025-11-30 21:14:25,,person
2025-11-30 21:14:25,,person
2025-11-30 21:14:25,,person
2025-11-30 21:14:25,CHAYMAE,
2025-11-30 21:14:26,,person
2025-11-30 21:14:26,,person
2025-11-30 21:14:26,CHAYMAE,
2025-11-30 21:14:26,,person
2025-11-30 21:14:26,,person
2025-11-30 21:14:26,CHAYMAE,
2025-11-30 21:14:27,,person
2025-11-30 21:14:27,CHAYMAE,
2025-11-30 21:14:27,,person
2025-11-30 21:14:27,CHAYMAE,
2025-11-30 21:14:28,,person
2025-11-30 21:14:28,CHAYMAE,
2025-11-30 21:14:28,,person
2025-11-30 21:14:28,CHAYMAE,
2025-11-30 21:14:29,,person
2025-11-30 21:14:29,CHAYMAE,
2025-11-30 21:14:30,,person
2025-11-30 21:14:30,CHAYMAE,
2025-11-30 21:14:30,,person
2025-11-30 21:14:31,CHAYMAE,
2025-11-30 21:14:31,,person
2025-11-30 21:14:32,CHAYMAE,
2025-11-30 21:14:32,,person
2025-11-30 21:14:32,CHAYMAE,
2025-11-30 21:14:32,,person
2025-11-30 21:14:33,CHAYMAE,
2025-11-30 21:14:33,,person
2025-11-30 21:14:33,CHAYMAE,
2025-11-30 21:14:34,,person
2025-11-30 21:14:34,CHAYMAE,
2025-11-30 21:14:34,,person
2025-11-30 21:14:35,CHAYMAE,
2025-11-30 21:14:35,,person
2025-11-30 21:14:35,CHAYMAE,
2025-11-30 21:14:35,,person
2025-11-30 21:14:36,CHAYMAE,
2025-11-30 21:14:36,,person
2025-11-30 21:14:36,CHAYMAE,
2025-11-30 21:14:36,,person
2025-11-30 21:14:37,CHAYMAE,
2025-11-30 21:14:37,,person
2025-11-30 21:14:37,CHAYMAE,
2025-11-30 21:14:38,,person
2025-11-30 21:14:38,CHAYMAE,
2025-11-30 21:14:38,,person
2025-11-30 21:14:38,CHAYMAE,
2025-11-30 21:14:39,,person
2025-11-30 21:14:39,CHAYMAE,
2025-11-30 21:14:39,,person
2025-11-30 21:14:39,CHAYMAE,
2025-11-30 21:14:40,,person
2025-11-30 21:14:40,CHAYMAE,
2025-11-30 21:14:40,,person
2025-11-30 21:14:41,CHAYMAE,
2025-11-30 21:14:41,,person
2025-11-30 21:14:41,CHAYMAE,
2025-11-30 21:14:41,,person
2025-11-30 21:14:42,CHAYMAE,
2025-11-30 21:14:42,,person
2025-11-30 21:14:42,CHAYMAE,
2025-11-30 21:14:42,,person
2025-11-30 21:14:43,CHAYMAE,
2025-11-30 21:14:43,,person
2025-11-30 21:14:43,CHAYMAE,
2025-11-30 21:14:43,,person
2025-11-30 21:14:44,CHAYMAE,
2025-11-30 21:14:44,,person
2025-11-30 21:14:44,CHAYMAE,
2025-11-30 21:14:45,,person
2025-11-30 21:14:45,CHAYMAE,
2025-11-30 21:14:45,,person
2025-11-30 21:14:46,CHAYMAE,
2025-11-30 21:14:46,,person
2025-11-30 21:14:46,CHAYMAE,
2025-11-30 21:14:47,,person
2025-11-30 21:14:47,CHAYMAE,
2025-11-30 21:14:47,,person
2025-11-30 21:14:47,CHAYMAE,
2025-11-30 21:14:48,,person
2025-11-30 21:14:48,CHAYMAE,
2025-11-30 21:14:48,,person
2025-11-30 21:14:49,CHAYMAE,
2025-11-30 21:14:49,,person
2025-11-30 21:14:49,CHAYMAE,
2025-11-30 21:14:49,,person
2025-11-30 21:14:50,CHAYMAE,
2025-11-30 21:14:50,,person
2025-11-30 21:14:50,CHAYMAE,
2025-11-30 21:14:51,,person
2025-11-30 21:14:51,CHAYMAE,
2025-11-30 21:14:51,,person
2025-11-30 21:14:51,CHAYMAE,
2025-11-30 21:14:52,,person
2025-11-30 21:14:52,CHAYMAE,
2025-11-30 21:14:52,,person
2025-11-30 21:14:53,CHAYMAE,
2025-11-30 21:14:53,,person
2025-11-30 21:14:53,CHAYMAE,
2025-11-30 21:14:54,,person
2025-11-30 21:14:54,CHAYMAE,
2025-11-30 21:14:54,,person
2025-11-30 21:14:55,CHAYMAE,
2025-11-30 21:14:55,,person
2025-11-30 21:14:55,CHAYMAE,
2025-11-30 21:14:56,,person
2025-11-30 21:14:56,CHAYMAE,
2025-11-30 21:14:56,,person
2025-11-30 21:14:56,CHAYMAE,
2025-11-30 21:14:57,,person
2025-11-30 21:14:57,CHAYMAE,
2025-11-30 21:14:57,,person
2025-11-30 21:14:57,CHAYMAE,
2025-11-30 21:14:58,,person
2025-11-30 21:14:58,CHAYMAE,
2025-11-30 21:14:58,,person
2025-11-30 21:14:59,CHAYMAE,
2025-11-30 21:14:59,,person
2025-11-30 21:14:59,CHAYMAE,
2025-11-30 21:14:59,,person
2025-11-30 21:15:00,CHAYMAE,
2025-11-30 21:15:00,,person
2025-11-30 21:15:00,CHAYMAE,
2025-11-30 21:15:00,,person
2025-11-30 21:15:01,CHAYMAE,
2025-11-30 21:15:01,,person
2025-11-30 21:15:01,CHAYMAE,
2025-11-30 21:15:01,,person
2025-11-30 21:15:02,CHAYMAE,
2025-11-30 21:15:02,,person
2025-11-30 21:15:02,CHAYMAE,
2025-11-30 21:15:03,,person
2025-11-30 21:15:03,CHAYMAE,
2025-11-30 21:15:03,,person
2025-11-30 21:15:04,CHAYMAE,
2025-11-30 21:15:04,,person
2025-11-30 21:15:04,CHAYMAE,
2025-11-30 21:15:04,,person
2025-11-30 21:15:04,CHAYMAE,
2025-11-30 21:15:05,,person
2025-11-30 21:15:05,CHAYMAE,
2025-11-30 21:15:06,,person
2025-11-30 21:15:06,CHAYMAE,
2025-11-30 21:15:06,,person
2025-11-30 21:15:07,CHAYMAE,
2025-11-30 21:15:07,,person
2025-11-30 21:15:08,CHAYMAE,
2025-11-30 21:15:08,,person
2025-11-30 21:15:08,CHAYMAE,
2025-11-30 21:15:09,,person
2025-11-30 21:15:09,CHAYMAE,
2025-11-30 21:15:09,,person
2025-11-30 21:15:10,CHAYMAE,
2025-11-30 21:15:10,,person
2025-11-30 21:15:10,CHAYMAE,
2025-11-30 21:15:11,,person
2025-11-30 21:15:11,CHAYMAE,
2025-11-30 21:15:11,,person
2025-11-30 21:15:12,CHAYMAE,
2025-11-30 21:15:12,,person
2025-11-30 21:15:12,CHAYMAE,
2025-11-30 21:15:13,,person
2025-11-30 21:15:14,CHAYMAE,
2025-11-30 21:15:14,,person
2025-11-30 21:15:14,CHAYMAE,
2025-11-30 21:15:14,,person
2025-11-30 21:15:15,CHAYMAE,
2025-11-30 21:15:15,,person
2025-11-30 21:15:15,CHAYMAE,
2025-11-30 21:15:16,,person
2025-11-30 21:15:16,CHAYMAE,
2025-11-30 21:15:16,,person
2025-11-30 21:15:17,CHAYMAE,
2025-11-30 21:15:17,,person
2025-11-30 21:15:17,CHAYMAE,
2025-11-30 21:15:17,,person
2025-11-30 21:15:17,CHAYMAE,
2025-11-30 21:15:18,,person
2025-11-30 21:15:18,CHAYMAE,
2025-11-30 21:15:18,,person
2025-11-30 21:15:18,CHAYMAE,
2025-11-30 21:15:19,,person
2025-11-30 21:15:19,CHAYMAE,
2025-11-30 21:15:19,,person
2025-11-30 21:15:19,CHAYMAE,
2025-11-30 21:15:20,,person
2025-11-30 21:15:20,CHAYMAE,
2025-11-30 21:15:21,,person
2025-11-30 21:15:21,CHAYMAE,
2025-11-30 21:15:21,,person
2025-11-30 21:15:21,CHAYMAE,
2025-11-30 21:15:22,,person
2025-11-30 21:15:22,CHAYMAE,
2025-11-30 21:15:22,,person
2025-11-30 21:15:22,CHAYMAE,
2025-11-30 21:15:23,,person
2025-11-30 21:15:23,CHAYMAE,
2025-11-30 21:15:23,,person
2025-11-30 21:15:23,CHAYMAE,
2025-11-30 21:15:24,,person
2025-11-30 21:15:24,CHAYMAE,
2025-11-30 21:15:24,,person
2025-11-30 21:15:24,CHAYMAE,
2025-11-30 21:15:25,,person
2025-11-30 21:15:25,CHAYMAE,
2025-11-30 21:15:25,,person
2025-11-30 21:15:25,CHAYMAE,
2025-11-30 21:15:25,,person
2025-11-30 21:15:26,CHAYMAE,
2025-11-30 21:15:26,,person
2025-11-30 21:15:26,CHAYMAE,
2025-11-30 21:15:26,,person
2025-11-30 21:15:27,CHAYMAE,
2025-11-30 21:15:27,,person
2025-11-30 21:15:27,CHAYMAE,
2025-11-30 21:15:27,,person
2025-11-30 21:15:27,CHAYMAE,
2025-11-30 21:15:28,,person
2025-11-30 21:15:28,CHAYMAE,
2025-11-30 21:15:28,,person
2025-11-30 21:15:28,CHAYMAE,
2025-11-30 21:15:28,,person
2025-11-30 21:15:29,CHAYMAE,
2025-11-30 21:15:29,,person
2025-11-30 21:15:29,CHAYMAE,
2025-11-30 21:15:30,,person
2025-11-30 21:15:30,CHAYMAE,
2025-11-30 21:15:30,,person
2025-11-30 21:15:30,CHAYMAE,
2025-11-30 21:15:30,,person
2025-11-30 21:15:31,CHAYMAE,
2025-11-30 21:15:31,,person
2025-11-30 21:15:31,CHAYMAE,
2025-11-30 21:15:31,,person
2025-11-30 21:15:31,CHAYMAE,
2025-11-30 21:15:32,,person
2025-11-30 21:15:32,CHAYMAE,
2025-11-30 21:15:32,,person
2025-11-30 21:15:32,CHAYMAE,
2025-11-30 21:15:32,,person
2025-11-30 21:15:33,CHAYMAE,
2025-11-30 21:15:33,,person
2025-11-30 21:15:33,CHAYMAE,
2025-11-30 21:15:33,,person
2025-11-30 21:15:34,CHAYMAE,
2025-11-30 21:15:34,,person
2025-11-30 21:15:34,CHAYMAE,
2025-11-30 21:15:34,,person
2025-11-30 21:15:34,CHAYMAE,
2025-11-30 21:15:35,,person
2025-11-30 21:15:35,CHAYMAE,
2025-11-30 21:15:35,,person
2025-11-30 21:15:35,CHAYMAE,
2025-11-30 21:15:35,,person
2025-11-30 21:15:36,CHAYMAE,
2025-11-30 21:15:36,,person
2025-11-30 21:15:36,CHAYMAE,
2025-11-30 21:15:36,,person
2025-11-30 21:15:37,CHAYMAE,
2025-11-30 21:15:37,,person
2025-11-30 21:15:38,CHAYMAE,
2025-11-30 21:15:38,,person
2025-11-30 21:15:38,CHAYMAE,
2025-11-30 21:15:38,,person
2025-11-30 21:15:39,CHAYMAE,
2025-11-30 21:15:39,,person
2025-11-30 21:15:39,CHAYMAE,
2025-11-30 21:15:39,,person
2025-11-30 21:15:40,CHAYMAE,
2025-11-30 21:15:40,,person
2025-11-30 21:15:40,CHAYMAE,
2025-11-30 21:15:40,,person
2025-11-30 21:15:40,CHAYMAE,
2025-11-30 21:15:41,,person
2025-11-30 21:15:41,CHAYMAE,
2025-11-30 21:15:41,,person
2025-11-30 21:15:41,CHAYMAE,
2025-11-30 21:15:42,,person
2025-11-30 21:15:42,CHAYMAE,
2025-11-30 21:15:42,,person
2025-11-30 21:15:42,CHAYMAE,
2025-11-30 21:15:42,,person
2025-11-30 21:15:43,CHAYMAE,
2025-11-30 21:15:43,,person
2025-11-30 21:15:43,CHAYMAE,
2025-11-30 21:15:43,,person
2025-11-30 21:15:44,CHAYMAE,
2025-11-30 21:15:44,,person
2025-11-30 21:15:44,CHAYMAE,
2025-11-30 21:15:44,,person
2025-11-30 21:15:44,CHAYMAE,
2025-11-30 21:15:45,,person
2025-11-30 21:15:45,CHAYMAE,
2025-11-30 21:15:45,,person
2025-11-30 21:15:45,CHAYMAE,
2025-11-30 21:15:45,,person
2025-11-30 21:15:46,CHAYMAE,
2025-11-30 21:15:46,,person
2025-11-30 21:15:46,CHAYMAE,
2025-11-30 21:15:46,,person
2025-11-30 21:15:47,CHAYMAE,
2025-11-30 21:15:47,,person
2025-11-30 21:15:47,CHAYMAE,
2025-11-30 21:15:47,,person
2025-11-30 21:15:47,CHAYMAE,
2025-11-30 21:15:48,,person
2025-11-30 21:15:48,CHAYMAE,
2025-11-30 21:15:48,,person
2025-11-30 21:15:49,CHAYMAE,
2025-11-30 21:15:49,,person
2025-11-30 21:15:49,CHAYMAE,
2025-11-30 21:15:50,,person
2025-11-30 21:15:50,CHAYMAE,
2025-11-30 21:15:51,,person
2025-11-30 21:15:51,CHAYMAE,
2025-11-30 21:15:51,,person
2025-11-30 21:15:52,CHAYMAE,
2025-11-30 21:15:52,,person
2025-11-30 21:15:52,CHAYMAE,
2025-11-30 21:15:53,,person
2025-11-30 21:15:53,CHAYMAE,
2025-11-30 21:15:54,,person
2025-11-30 21:15:54,CHAYMAE,
2025-11-30 21:15:54,,person
2025-11-30 21:15:55,CHAYMAE,
2025-11-30 21:15:55,,person
2025-11-30 21:15:56,CHAYMAE,
2025-11-30 21:15:56,,person
2025-11-30 21:15:56,CHAYMAE,
2025-11-30 21:15:56,,person
2025-11-30 21:15:57,CHAYMAE,
2025-11-30 21:15:57,,person
2025-11-30 21:15:57,CHAYMAE,
2025-11-30 21:15:57,,person
2025-11-30 21:15:57,CHAYMAE,
2025-11-30 21:15:58,,person
2025-11-30 21:15:58,CHAYMAE,
2025-11-30 21:15:58,,person
2025-11-30 21:15:58,CHAYMAE,
2025-11-30 21:15:59,,person
2025-11-30 21:15:59,CHAYMAE,
2025-11-30 21:15:59,,person
2025-11-30 21:15:59,CHAYMAE,
2025-11-30 21:16:00,,person
2025-11-30 21:16:00,CHAYMAE,
2025-11-30 21:16:00,,person
2025-11-30 21:16:00,CHAYMAE,
2025-11-30 21:16:00,,person
2025-11-30 21:16:01,CHAYMAE,
2025-11-30 21:16:01,,person
2025-11-30 21:16:01,CHAYMAE,
2025-11-30 21:16:01,,person
2025-11-30 21:16:02,CHAYMAE,
2025-11-30 21:16:02,,person
2025-11-30 21:16:02,CHAYMAE,
2025-11-30 21:16:02,,person
2025-11-30 21:16:03,CHAYMAE,
2025-11-30 21:16:03,,person
2025-11-30 21:16:03,CHAYMAE,
2025-11-30 21:16:03,,person
2025-11-30 21:16:04,CHAYMAE,
2025-11-30 21:16:04,,person
2025-11-30 21:16:04,CHAYMAE,
2025-11-30 21:16:04,,person
2025-11-30 21:16:04,CHAYMAE,
2025-11-30 21:16:05,,person
2025-11-30 21:16:05,CHAYMAE,
2025-11-30 21:16:05,,person
2025-11-30 21:16:05,CHAYMAE,
2025-11-30 21:16:06,,person
2025-11-30 21:16:06,CHAYMAE,
2025-11-30 21:16:06,,person
2025-11-30 21:16:06,CHAYMAE,
2025-11-30 21:16:06,,person
2025-11-30 21:16:07,CHAYMAE,
2025-11-30 21:16:07,,person
2025-11-30 21:16:07,CHAYMAE,
2025-11-30 21:16:07,,person
2025-11-30 21:16:08,CHAYMAE,
2025-11-30 21:16:08,,person
2025-11-30 21:16:08,CHAYMAE,
2025-11-30 21:16:09,,person
2025-11-30 21:16:09,CHAYMAE,
2025-11-30 21:16:09,,person
2025-11-30 21:16:09,CHAYMAE,
2025-11-30 21:16:10,,person
2025-11-30 21:16:10,CHAYMAE,
2025-11-30 21:16:10,,person
2025-11-30 21:16:10,CHAYMAE,
2025-11-30 21:16:10,,person
2025-11-30 21:16:11,CHAYMAE,
2025-11-30 21:16:11,,person
2025-11-30 21:16:11,CHAYMAE,
2025-11-30 21:16:12,,person
2025-11-30 21:16:12,CHAYMAE,
2025-11-30 21:16:12,,person
2025-11-30 21:16:12,CHAYMAE,
2025-11-30 21:16:12,,person
2025-11-30 21:16:13,CHAYMAE,
2025-11-30 21:16:13,,person
2025-11-30 21:16:13,CHAYMAE,
2025-11-30 21:16:14,,person
2025-11-30 21:16:14,CHAYMAE,
2025-11-30 21:16:14,,person
2025-11-30 21:16:14,CHAYMAE,
2025-11-30 21:16:15,,person
2025-11-30 21:16:15,CHAYMAE,
2025-11-30 21:16:15,,person
2025-11-30 21:16:15,CHAYMAE,
2025-11-30 21:16:16,,person
2025-11-30 21:16:16,CHAYMAE,
2025-11-30 21:16:16,,person
2025-11-30 21:16:16,CHAYMAE,
2025-11-30 21:16:17,,person
2025-11-30 21:16:17,CHAYMAE,
2025-11-30 21:16:17,,person
2025-11-30 21:16:18,CHAYMAE,
2025-11-30 21:16:18,,person
2025-11-30 21:16:19,CHAYMAE,
2025-11-30 21:16:19,,person
2025-11-30 21:16:19,CHAYMAE,
2025-11-30 21:16:19,,person
2025-11-30 21:16:20,CHAYMAE,
2025-11-30 21:16:20,,person
2025-11-30 21:16:20,CHAYMAE,
2025-11-30 21:16:20,,person
2025-11-30 21:16:20,CHAYMAE,
2025-11-30 21:16:21,,person
2025-11-30 21:16:21,CHAYMAE,
2025-11-30 21:16:21,,person
2025-11-30 21:16:21,CHAYMAE,
2025-11-30 21:16:22,,person
2025-11-30 21:16:22,CHAYMAE,
2025-11-30 21:16:22,,person
2025-11-30 21:16:23,CHAYMAE,
2025-11-30 21:16:23,,person
2025-11-30 21:16:23,CHAYMAE,
2025-11-30 21:16:24,,person
2025-11-30 21:16:24,CHAYMAE,
2025-11-30 21:16:24,,person
2025-11-30 21:16:25,CHAYMAE,
2025-11-30 21:16:25,,person
2025-11-30 21:16:25,CHAYMAE,
2025-11-30 21:16:26,,person
2025-11-30 21:16:26,CHAYMAE,
2025-11-30 21:16:26,,person
2025-11-30 21:16:27,CHAYMAE,
2025-11-30 21:16:27,,person
2025-11-30 21:16:27,CHAYMAE,
2025-11-30 21:16:27,,person
2025-11-30 21:16:28,CHAYMAE,
2025-11-30 21:16:28,,person
2025-11-30 21:16:28,CHAYMAE,
2025-11-30 21:16:29,,person
2025-11-30 21:16:29,CHAYMAE,
2025-11-30 21:16:29,,person
2025-11-30 21:16:29,CHAYMAE,
2025-11-30 21:16:29,,person
2025-11-30 21:16:30,CHAYMAE,
2025-11-30 21:16:30,,person
2025-11-30 21:16:30,CHAYMAE,
2025-11-30 21:16:31,,person
2025-11-30 21:16:31,CHAYMAE,
2025-11-30 21:16:31,,person
2025-11-30 21:16:31,CHAYMAE,
2025-11-30 21:16:32,,person
2025-11-30 21:16:32,CHAYMAE,
2025-11-30 21:16:32,,person
2025-11-30 21:16:33,CHAYMAE,
2025-11-30 21:16:33,,person
2025-11-30 21:16:33,CHAYMAE,
2025-11-30 21:16:33,,person
2025-11-30 21:16:33,CHAYMAE,
2025-11-30 21:16:34,,person
2025-11-30 21:16:34,CHAYMAE,
2025-11-30 21:16:34,,person
2025-11-30 21:16:34,CHAYMAE,
2025-11-30 21:16:35,,person
2025-11-30 21:16:35,CHAYMAE,
2025-11-30 21:16:35,,person
2025-11-30 21:16:35,CHAYMAE,
2025-11-30 21:16:36,,person
2025-11-30 21:16:36,CHAYMAE,
2025-11-30 21:16:36,,person
2025-11-30 21:16:36,CHAYMAE,
2025-11-30 21:16:36,,person
2025-11-30 21:16:37,CHAYMAE,
2025-11-30 21:16:37,,person
2025-11-30 21:16:37,CHAYMAE,
2025-11-30 21:16:37,,person
2025-11-30 21:16:38,CHAYMAE,
2025-11-30 21:16:38,,person
2025-11-30 21:16:38,CHAYMAE,
2025-11-30 21:16:38,,person
2025-11-30 21:16:39,CHAYMAE,
2025-11-30 21:16:39,,person
2025-11-30 21:16:39,CHAYMAE,
2025-11-30 21:16:39,,person
2025-11-30 21:16:40,CHAYMAE,
2025-11-30 21:16:40,,person
2025-11-30 21:16:40,CHAYMAE,
2025-11-30 21:16:40,,person
2025-11-30 21:16:40,CHAYMAE,
2025-11-30 21:16:41,,person
2025-11-30 21:16:41,CHAYMAE,
2025-11-30 21:16:41,,person
2025-11-30 21:16:42,CHAYMAE,
2025-11-30 21:16:42,,person
2025-11-30 21:16:42,CHAYMAE,
2025-11-30 21:16:43,,person
2025-11-30 21:16:43,CHAYMAE,
2025-11-30 21:16:43,,person
2025-11-30 21:16:43,CHAYMAE,
2025-11-30 21:16:43,,person
2025-11-30 21:16:44,CHAYMAE,
2025-11-30 21:16:44,,person
2025-11-30 21:16:44,CHAYMAE,
2025-11-30 21:16:44,,person
2025-11-30 21:16:45,CHAYMAE,
2025-11-30 21:16:45,,person
2025-11-30 21:16:45,CHAYMAE,
2025-11-30 21:16:45,,person
2025-11-30 21:16:46,CHAYMAE,
2025-11-30 21:16:46,,person
2025-11-30 21:16:46,CHAYMAE,
2025-11-30 21:16:46,,person
2025-11-30 21:16:46,CHAYMAE,
2025-11-30 21:16:47,,person
2025-11-30 21:16:47,CHAYMAE,
2025-11-30 21:16:47,,person
2025-11-30 21:16:47,CHAYMAE,
2025-11-30 21:16:48,,person
2025-11-30 21:16:48,CHAYMAE,
2025-11-30 21:16:48,,person
2025-11-30 21:16:48,CHAYMAE,
2025-11-30 21:16:49,,person
2025-11-30 21:16:49,CHAYMAE,
2025-11-30 21:16:49,,person
2025-11-30 21:16:49,CHAYMAE,
2025-11-30 21:16:49,,person
2025-11-30 21:16:50,CHAYMAE,
2025-11-30 21:16:50,,person
2025-11-30 21:16:50,CHAYMAE,
2025-11-30 21:16:50,,person
2025-11-30 21:16:51,CHAYMAE,
2025-11-30 21:16:51,,person
2025-11-30 21:16:51,CHAYMAE,
2025-11-30 21:16:51,,person
2025-11-30 21:16:51,CHAYMAE,
2025-11-30 21:16:52,,person
2025-11-30 21:16:52,CHAYMAE,
2025-11-30 21:16:52,,person
2025-11-30 21:16:52,CHAYMAE,
2025-11-30 21:16:53,,person
2025-11-30 21:16:53,CHAYMAE,
2025-11-30 21:16:53,,person
2025-11-30 21:16:53,CHAYMAE,
2025-11-30 21:16:53,,person
2025-11-30 21:16:54,CHAYMAE,
2025-11-30 21:16:54,,person
2025-11-30 21:16:54,CHAYMAE,
2025-11-30 21:16:54,,person
2025-11-30 21:16:55,CHAYMAE,
2025-11-30 21:16:55,,person
2025-11-30 21:16:55,CHAYMAE,
2025-11-30 21:16:55,,person
2025-11-30 21:16:56,CHAYMAE,
2025-11-30 21:16:56,,person
2025-11-30 21:16:56,CHAYMAE,
2025-11-30 21:16:56,,person
2025-11-30 21:16:56,CHAYMAE,
2025-11-30 21:16:57,,person
2025-11-30 21:16:57,CHAYMAE,
2025-11-30 21:16:57,,person
2025-11-30 21:16:57,CHAYMAE,
2025-11-30 21:16:58,,person
2025-11-30 21:16:58,CHAYMAE,
2025-11-30 21:16:58,,person
2025-11-30 21:16:58,CHAYMAE,
2025-11-30 21:16:59,CHAYMAE,
2025-11-30 21:16:59,,person
2025-11-30 21:16:59,CHAYMAE,
2025-11-30 21:16:59,,person
2025-11-30 21:17:00,CHAYMAE,
2025-11-30 21:17:00,,person
2025-11-30 21:17:00,CHAYMAE,
2025-11-30 21:17:00,CHAYMAE,
2025-11-30 21:17:00,,person
2025-11-30 21:17:01,CHAYMAE,
2025-11-30 21:17:01,,person
2025-11-30 21:17:01,CHAYMAE,
2025-11-30 21:17:01,,person
2025-11-30 21:17:02,CHAYMAE,
2025-11-30 21:17:02,,person
2025-11-30 21:17:02,CHAYMAE,
2025-11-30 21:17:02,,person
2025-11-30 21:17:03,CHAYMAE,
2025-11-30 21:17:03,,person
2025-11-30 21:17:03,CHAYMAE,
2025-11-30 21:17:03,,person
2025-11-30 21:17:04,CHAYMAE,
2025-11-30 21:17:04,,person
2025-11-30 21:17:04,CHAYMAE,
2025-11-30 21:17:04,CHAYMAE,
2025-11-30 21:17:04,,person
2025-11-30 21:17:05,CHAYMAE,
2025-11-30 21:17:05,,person
2025-11-30 21:17:06,CHAYMAE,
2025-11-30 21:17:06,,person
2025-11-30 21:17:06,CHAYMAE,
2025-11-30 21:17:06,,person
2025-11-30 21:17:07,CHAYMAE,
2025-11-30 21:17:07,,person
2025-11-30 21:17:07,CHAYMAE,
2025-11-30 21:17:07,,person
2025-11-30 21:17:08,CHAYMAE,
2025-11-30 21:17:08,CHAYMAE,
2025-11-30 21:17:08,,person
2025-11-30 21:17:08,CHAYMAE,
2025-11-30 21:17:08,CHAYMAE,
2025-11-30 21:17:09,,person
2025-11-30 21:17:09,CHAYMAE,
2025-11-30 21:17:09,,person
2025-11-30 21:17:09,,person
2025-11-30 21:17:10,CHAYMAE,
2025-11-30 21:17:10,,person
2025-11-30 21:17:10,CHAYMAE,
2025-11-30 21:17:10,,person
2025-11-30 21:17:10,,person
2025-11-30 21:17:11,CHAYMAE,
2025-11-30 21:17:11,,person
2025-11-30 21:17:11,,person
2025-11-30 21:17:11,CHAYMAE,
2025-11-30 21:17:11,,person
2025-11-30 21:17:12,CHAYMAE,
2025-11-30 21:17:12,CHAYMAE,
2025-11-30 21:17:12,CHAYMAE,
2025-11-30 21:17:12,,person
2025-11-30 21:17:12,CHAYMAE,
2025-11-30 21:17:13,,person
2025-11-30 21:17:13,CHAYMAE,
2025-11-30 21:17:13,CHAYMAE,
2025-11-30 21:17:13,,person
2025-11-30 21:17:14,CHAYMAE,
2025-11-30 21:17:14,CHAYMAE,
2025-11-30 21:17:14,,person
2025-11-30 21:17:14,CHAYMAE,
2025-11-30 21:17:15,,person
2025-11-30 21:17:15,CHAYMAE,
2025-11-30 21:17:15,,person
2025-11-30 21:17:15,CHAYMAE,
2025-11-30 21:17:16,,person
2025-11-30 21:17:16,CHAYMAE,
2025-11-30 21:17:16,,person
2025-11-30 21:17:16,CHAYMAE,
2025-11-30 21:17:17,,person
2025-11-30 21:17:17,CHAYMAE,
2025-11-30 21:17:17,CHAYMAE,
2025-11-30 21:17:17,,person
2025-11-30 21:17:18,CHAYMAE,
2025-11-30 21:17:18,,person
2025-11-30 21:17:18,CHAYMAE,
2025-11-30 21:17:18,,person
2025-11-30 21:17:19,CHAYMAE,
2025-11-30 21:17:19,,person
2025-11-30 21:17:19,CHAYMAE,
2025-11-30 21:17:19,,person
2025-11-30 21:17:20,CHAYMAE,
2025-11-30 21:17:20,,person
2025-11-30 21:17:20,CHAYMAE,
2025-11-30 21:17:20,CHAYMAE,
2025-11-30 21:17:20,,person
2025-11-30 21:17:21,CHAYMAE,
2025-11-30 21:17:21,CHAYMAE,
2025-11-30 21:17:21,,person
2025-11-30 21:17:21,CHAYMAE,
2025-11-30 21:17:22,,person
2025-11-30 21:17:22,CHAYMAE,
2025-11-30 21:17:22,,person
2025-11-30 21:17:22,CHAYMAE,
2025-11-30 21:17:23,,person
2025-11-30 21:17:23,CHAYMAE,
2025-11-30 21:17:23,,person
2025-11-30 21:17:24,CHAYMAE,
2025-11-30 21:17:24,,person
2025-11-30 21:17:24,CHAYMAE,
2025-11-30 21:17:24,CHAYMAE,
2025-11-30 21:17:24,,person
2025-11-30 21:17:25,CHAYMAE,
2025-11-30 21:17:25,,person
2025-11-30 21:17:25,CHAYMAE,
2025-11-30 21:17:25,CHAYMAE,
2025-11-30 21:17:26,,person
2025-11-30 21:17:26,CHAYMAE,
2025-11-30 21:17:26,,person
2025-11-30 21:17:26,CHAYMAE,
2025-11-30 21:17:27,CHAYMAE,
2025-11-30 21:17:27,CHAYMAE,
2025-11-30 21:17:27,,person
2025-11-30 21:17:27,CHAYMAE,
2025-11-30 21:17:27,CHAYMAE,
2025-11-30 21:17:27,,person
2025-11-30 21:17:28,CHAYMAE,
2025-11-30 21:17:28,CHAYMAE,
2025-11-30 21:17:28,,person
2025-11-30 21:17:28,CHAYMAE,
2025-11-30 21:17:29,,person
2025-11-30 21:17:29,CHAYMAE,
2025-11-30 21:17:29,,person
2025-11-30 21:17:30,CHAYMAE,
2025-11-30 21:17:30,CHAYMAE,
2025-11-30 21:17:30,,person
2025-11-30 21:17:30,CHAYMAE,
2025-11-30 21:17:30,CHAYMAE,
2025-11-30 21:17:30,,person
2025-11-30 21:17:31,CHAYMAE,
2025-11-30 21:17:31,CHAYMAE,
2025-11-30 21:17:31,,person
2025-11-30 21:17:31,CHAYMAE,
2025-11-30 21:17:32,,person
2025-11-30 21:17:32,CHAYMAE,
2025-11-30 21:17:32,,person
2025-11-30 21:17:32,CHAYMAE,
2025-11-30 21:17:33,,person
2025-11-30 21:17:33,CHAYMAE,
2025-11-30 21:17:33,,person
2025-11-30 21:17:34,CHAYMAE,
2025-11-30 21:17:34,CHAYMAE,
2025-11-30 21:17:34,,person
2025-11-30 21:17:34,CHAYMAE,
2025-11-30 21:17:34,,person
2025-11-30 21:17:35,CHAYMAE,
2025-11-30 21:17:35,CHAYMAE,
2025-11-30 21:17:35,,person
2025-11-30 21:17:35,CHAYMAE,
2025-11-30 21:17:35,,person
2025-11-30 21:17:36,CHAYMAE,
2025-11-30 21:17:36,,person
2025-11-30 21:17:36,CHAYMAE,
2025-11-30 21:17:36,,person
2025-11-30 21:17:37,CHAYMAE,
2025-11-30 21:17:37,,person
2025-11-30 21:17:37,CHAYMAE,
2025-11-30 21:17:37,,person
2025-11-30 21:17:38,CHAYMAE,
2025-11-30 21:17:38,,person
2025-11-30 21:17:38,CHAYMAE,
2025-11-30 21:17:38,,person
2025-11-30 21:17:39,CHAYMAE,
2025-11-30 21:17:39,,person
2025-11-30 21:17:39,CHAYMAE,
2025-11-30 21:17:39,CHAYMAE,
2025-11-30 21:17:40,,person
2025-11-30 21:17:40,CHAYMAE,
2025-11-30 21:17:40,,person
2025-11-30 21:17:40,CHAYMAE,
2025-11-30 21:17:40,,person
2025-11-30 21:17:41,CHAYMAE,
2025-11-30 21:17:41,,person
2025-11-30 21:17:42,CHAYMAE,
2025-11-30 21:17:42,,person
2025-11-30 21:17:42,CHAYMAE,
2025-11-30 21:17:42,,person
2025-11-30 21:17:43,CHAYMAE,
2025-11-30 21:17:43,,person
2025-11-30 21:17:44,CHAYMAE,
2025-11-30 21:17:44,,person
2025-11-30 21:17:44,CHAYMAE,
2025-11-30 21:17:44,,person
2025-11-30 21:17:45,CHAYMAE,
2025-11-30 21:17:45,,person
2025-11-30 21:17:45,CHAYMAE,
2025-11-30 21:17:45,,person
2025-11-30 21:17:46,CHAYMAE,
2025-11-30 21:17:46,,person
2025-11-30 21:17:46,CHAYMAE,
2025-11-30 21:17:46,,person
2025-11-30 21:17:47,CHAYMAE,
2025-11-30 21:17:47,,person
2025-11-30 21:17:47,CHAYMAE,
2025-11-30 21:17:47,,person
2025-11-30 21:17:48,CHAYMAE,
2025-11-30 21:17:48,,person
2025-11-30 21:17:48,CHAYMAE,
2025-11-30 21:17:49,,person
2025-11-30 21:17:49,CHAYMAE,
2025-11-30 21:17:49,CHAYMAE,
2025-11-30 21:17:49,CHAYMAE,
2025-11-30 21:17:49,,person
2025-11-30 21:17:50,CHAYMAE,
2025-11-30 21:17:50,,person
2025-11-30 21:17:50,CHAYMAE,
2025-11-30 21:17:50,,person
2025-11-30 21:17:51,CHAYMAE,
2025-11-30 21:17:51,,person
2025-11-30 21:17:51,CHAYMAE,
2025-11-30 21:17:52,,person
2025-11-30 21:17:52,CHAYMAE,
2025-11-30 21:17:52,,person
2025-11-30 21:17:52,CHAYMAE,
2025-11-30 21:17:53,,person
2025-11-30 21:17:53,CHAYMAE,
2025-11-30 21:17:53,,person
2025-11-30 21:17:54,CHAYMAE,
2025-11-30 21:17:54,,person
2025-11-30 21:17:54,CHAYMAE,
2025-11-30 21:17:54,,person
2025-11-30 21:17:55,CHAYMAE,
2025-11-30 21:17:55,,person
2025-11-30 21:17:55,CHAYMAE,
2025-11-30 21:17:55,,person
2025-11-30 21:17:56,CHAYMAE,
2025-11-30 21:17:56,,person
2025-11-30 21:17:56,CHAYMAE,
2025-11-30 21:17:56,CHAYMAE,
2025-11-30 21:17:57,,person
2025-11-30 21:17:57,CHAYMAE,
2025-11-30 21:17:57,,person
2025-11-30 21:17:58,CHAYMAE,
2025-11-30 21:17:58,CHAYMAE,
2025-11-30 21:17:58,,person
2025-11-30 21:17:58,CHAYMAE,
2025-11-30 21:17:58,,person
2025-11-30 21:17:59,CHAYMAE,
2025-11-30 21:17:59,,person
2025-11-30 21:17:59,CHAYMAE,
2025-11-30 21:17:59,,person
2025-11-30 21:18:00,CHAYMAE,
2025-11-30 21:18:00,,person
2025-11-30 21:18:00,CHAYMAE,
2025-11-30 21:18:00,,person
2025-11-30 21:18:01,CHAYMAE,
2025-11-30 21:18:01,,person
2025-11-30 21:18:01,CHAYMAE,
2025-11-30 21:18:01,,person
2025-11-30 21:18:02,CHAYMAE,
2025-11-30 21:18:02,,person
2025-11-30 21:18:02,CHAYMAE,
2025-11-30 21:18:02,,person
2025-11-30 21:18:03,CHAYMAE,
2025-11-30 21:18:03,,person
2025-11-30 21:18:03,CHAYMAE,
2025-11-30 21:18:03,CHAYMAE,
2025-11-30 21:18:04,,person
2025-11-30 21:18:04,CHAYMAE,
2025-11-30 21:18:04,,person
2025-11-30 21:18:04,CHAYMAE,
2025-11-30 21:18:05,,person
2025-11-30 21:18:05,CHAYMAE,
2025-11-30 21:18:05,,person
2025-11-30 21:18:05,CHAYMAE,
2025-11-30 21:18:06,,person
2025-11-30 21:18:06,CHAYMAE,
2025-11-30 21:18:06,,person
2025-11-30 21:18:07,CHAYMAE,
2025-11-30 21:18:07,,person
2025-11-30 21:18:08,CHAYMAE,
2025-11-30 21:18:08,,person
2025-11-30 21:18:09,CHAYMAE,
2025-11-30 21:18:09,,person
2025-11-30 21:18:10,CHAYMAE,
2025-11-30 21:18:10,,person
2025-11-30 21:18:11,CHAYMAE,
2025-11-30 21:18:11,,person
2025-11-30 21:18:11,CHAYMAE,
2025-11-30 21:18:11,,person
2025-11-30 21:18:12,CHAYMAE,
2025-11-30 21:18:12,,person
2025-11-30 21:18:13,CHAYMAE,
2025-11-30 21:18:13,,person
2025-11-30 21:18:13,CHAYMAE,
2025-11-30 21:18:14,,person
2025-11-30 21:18:14,CHAYMAE,
2025-11-30 21:18:15,,person
2025-11-30 21:18:15,CHAYMAE,
2025-11-30 21:18:15,,person
2025-11-30 21:18:16,CHAYMAE,
2025-11-30 21:18:17,,person
2025-11-30 21:18:19,CHAYMAE,
2025-11-30 21:18:19,,person
2025-11-30 21:18:22,CHAYMAE,
2025-11-30 21:18:23,,kite
2025-11-30 21:18:24,,person
2025-11-30 21:18:25,,person
2025-11-30 21:18:25,CHAYMAE,
2025-11-30 21:18:25,,person
2025-11-30 21:18:26,CHAYMAE,
2025-11-30 21:18:26,CHAYMAE,
2025-11-30 21:18:26,,person
2025-11-30 21:18:26,CHAYMAE,
2025-11-30 21:18:27,,person
2025-11-30 21:18:27,CHAYMAE,
2025-11-30 21:18:27,,person
2025-11-30 21:18:28,CHAYMAE,
2025-11-30 21:18:28,,person
2025-11-30 21:18:28,CHAYMAE,
2025-11-30 21:18:28,,person
2025-11-30 21:18:29,CHAYMAE,
2025-11-30 21:18:29,,person
2025-11-30 21:18:29,CHAYMAE,
2025-11-30 21:18:29,,person
2025-11-30 21:18:29,,person
2025-11-30 21:18:31,,person
2025-11-30 21:18:31,CHAYMAE,
2025-11-30 21:18:31,YASSINE,
2025-11-30 21:18:31,,person
2025-11-30 21:18:32,CHAYMAE,
2025-11-30 21:18:32,,person
2025-11-30 21:18:32,CHAYMAE,
2025-11-30 21:18:32,,person
2025-11-30 21:18:33,CHAYMAE,
2025-11-30 21:18:33,,person
2025-11-30 21:18:33,CHAYMAE,
2025-11-30 21:18:33,,person
2025-11-30 21:18:34,CHAYMAE,
2025-11-30 21:18:34,,person
2025-11-30 21:18:34,CHAYMAE,
2025-11-30 21:18:35,,person
2025-11-30 21:18:35,CHAYMAE,
2025-11-30 21:18:35,,person
2025-11-30 21:18:35,CHAYMAE,
2025-11-30 21:18:35,CHAYMAE,
2025-11-30 21:18:36,,person
2025-11-30 21:18:36,CHAYMAE,
2025-11-30 21:18:36,CHAYMAE,
2025-11-30 21:18:36,,person
2025-11-30 21:18:37,CHAYMAE,
2025-11-30 21:18:37,CHAYMAE,
2025-11-30 21:18:37,CHAYMAE,
2025-11-30 21:18:37,,person
2025-11-30 21:18:38,CHAYMAE,
2025-11-30 21:18:38,,person
2025-11-30 21:18:39,CHAYMAE,
2025-11-30 21:18:39,CHAYMAE,
2025-11-30 21:18:39,,person
2025-11-30 21:18:39,CHAYMAE,
2025-11-30 21:18:39,,person
2025-11-30 21:18:40,CHAYMAE,
2025-11-30 21:18:40,,cat
2025-11-30 21:18:40,,person
2025-11-30 21:18:40,,cat
2025-11-30 21:18:41,,person
2025-11-30 21:18:41,,person
2025-11-30 21:18:42,CHAYMAE,
2025-11-30 21:18:42,,person
2025-11-30 21:18:42,CHAYMAE,
2025-11-30 21:18:42,,person
2025-11-30 21:18:43,CHAYMAE,
2025-11-30 21:18:43,,person
2025-11-30 21:18:43,CHAYMAE,
2025-11-30 21:18:44,,person
2025-11-30 21:18:44,CHAYMAE,
2025-11-30 21:18:44,,person
2025-11-30 21:18:45,CHAYMAE,
2025-11-30 21:18:45,,person
2025-11-30 21:18:45,CHAYMAE,
2025-11-30 21:18:45,,person
2025-11-30 21:18:46,CHAYMAE,
2025-11-30 21:18:46,,person
2025-11-30 21:18:46,CHAYMAE,
2025-11-30 21:18:46,,person
2025-11-30 21:18:47,CHAYMAE,
2025-11-30 21:18:47,,person
2025-11-30 21:18:48,CHAYMAE,
2025-11-30 21:18:48,,person
2025-11-30 21:18:48,CHAYMAE,
2025-11-30 21:18:48,,person
2025-11-30 21:18:49,,person
2025-11-30 21:18:49,,laptop
2025-11-30 21:18:49,,person
2025-11-30 21:18:50,,person
2025-11-30 21:18:50,CHAYMAE,
2025-11-30 21:18:50,,person
2025-11-30 21:18:51,CHAYMAE,
2025-11-30 21:18:51,YASSINE,
2025-11-30 21:18:51,CHAYMAE,
2025-11-30 21:18:51,,person
2025-11-30 21:18:51,,donut
2025-11-30 21:18:52,YASSINE,
2025-11-30 21:18:52,,person
2025-11-30 21:18:52,,person
2025-11-30 21:18:53,CHAYMAE,
2025-11-30 21:18:53,,person
2025-11-30 21:18:53,,person
2025-11-30 21:18:54,,person
2025-11-30 21:18:54,CHAYMAE,
2025-11-30 21:18:54,,person
2025-11-30 21:18:54,,bottle
2025-11-30 21:18:55,,person
2025-11-30 21:18:55,,person
2025-11-30 21:18:55,,person
2025-11-30 21:18:55,,bottle
2025-11-30 21:18:56,,person
2025-11-30 21:18:56,,person
2025-11-30 21:18:56,,person
2025-11-30 21:18:57,,person
2025-11-30 21:18:57,CHAYMAE,
2025-11-30 21:18:57,CHAYMAE,
2025-11-30 21:18:58,,person
2025-11-30 21:18:58,CHAYMAE,
2025-11-30 21:18:58,,person
2025-11-30 21:18:59,CHAYMAE,
2025-11-30 21:18:59,,person
2025-11-30 21:18:59,CHAYMAE,
2025-11-30 21:19:00,,person
2025-11-30 21:19:00,CHAYMAE,
2025-11-30 21:19:00,,person
2025-11-30 21:19:01,CHAYMAE,
2025-11-30 21:19:01,,person
2025-11-30 21:19:01,CHAYMAE,
2025-11-30 21:19:01,CHAYMAE,
2025-11-30 21:19:02,,person
2025-11-30 21:19:02,CHAYMAE,
2025-11-30 21:19:02,CHAYMAE,
2025-11-30 21:19:02,,person
2025-11-30 21:19:03,CHAYMAE,
2025-11-30 21:19:03,CHAYMAE,
2025-11-30 21:19:03,,person
2025-11-30 21:19:04,CHAYMAE,
2025-11-30 21:19:04,,person
2025-11-30 21:19:04,CHAYMAE,
2025-11-30 21:19:04,,person
2025-11-30 21:19:05,YASSINE,
2025-11-30 21:19:05,,person
2025-11-30 21:19:05,,bottle
2025-11-30 21:19:05,,bottle
2025-11-30 21:19:05,,person
2025-11-30 21:19:05,,bottle
2025-11-30 21:19:05,,chair
2025-11-30 21:19:05,,donut
2025-11-30 21:19:05,,tv
2025-11-30 21:19:05,,chair
2025-11-30 21:19:05,,bowl
2025-11-30 21:19:06,,bottle
2025-11-30 21:19:06,,person
2025-11-30 21:19:06,,chair
2025-11-30 21:19:06,,tv
2025-11-30 21:19:06,,donut
2025-11-30 21:19:06,,bottle
2025-11-30 21:19:06,,person
2025-11-30 21:19:06,,chair
2025-11-30 21:19:06,,donut
2025-11-30 21:19:06,,tv
2025-11-30 21:19:06,,person
2025-11-30 21:19:06,,bottle
2025-11-30 21:19:06,,donut
2025-11-30 21:19:06,,chair
2025-11-30 21:19:06,,tv
2025-11-30 21:19:06,,chair
2025-11-30 21:19:07,,person
2025-11-30 21:19:07,,bottle
2025-11-30 21:19:07,,chair
2025-11-30 21:19:07,,bowl
2025-11-30 21:19:07,,tv
2025-11-30 21:19:07,CHAYMAE,
2025-11-30 21:19:07,,person
2025-11-30 21:19:08,,person
2025-11-30 21:19:08,,tv
2025-11-30 21:19:08,,person
2025-11-30 21:19:08,,tv
2025-11-30 21:19:08,,person
2025-11-30 21:19:09,,person
2025-11-30 21:19:09,,person
2025-11-30 21:19:09,CHAYMAE,
2025-11-30 21:19:09,,person
2025-11-30 21:19:10,,bed
2025-11-30 21:19:11,CHAYMAE,
2025-11-30 21:19:11,,bed
2025-11-30 21:19:11,,cat
2025-11-30 21:19:11,,person
2025-11-30 21:19:12,CHAYMAE,
2025-11-30 21:19:12,CHAYMAE,
2025-11-30 21:19:12,,person
2025-11-30 21:19:12,CHAYMAE,
2025-11-30 21:19:13,,person
2025-11-30 21:19:13,CHAYMAE,
2025-11-30 21:19:13,,person
2025-11-30 21:19:14,CHAYMAE,
2025-11-30 21:19:14,,person
2025-11-30 21:19:14,CHAYMAE,
2025-11-30 21:19:14,,person
2025-11-30 21:19:15,,person
2025-11-30 21:19:15,,kite
2025-11-30 21:19:15,,person
2025-11-30 21:19:15,,person
2025-11-30 21:19:16,,person
2025-11-30 21:19:16,,person
2025-11-30 21:19:16,,person
2025-11-30 21:19:17,CHAYMAE,
2025-11-30 21:19:17,,person
2025-11-30 21:19:17,CHAYMAE,
2025-11-30 21:19:17,,person
2025-11-30 21:19:18,CHAYMAE,
2025-11-30 21:19:18,,person
2025-11-30 21:19:18,CHAYMAE,
2025-11-30 21:19:18,,person
2025-11-30 21:19:19,CHAYMAE,
2025-11-30 21:19:19,,person
2025-11-30 21:19:19,CHAYMAE,
2025-11-30 21:19:19,,person
2025-11-30 21:19:20,CHAYMAE,
2025-11-30 21:19:20,,person
2025-11-30 21:19:20,CHAYMAE,
2025-11-30 21:19:20,CHAYMAE,
2025-11-30 21:19:21,,person
2025-11-30 21:19:21,CHAYMAE,
2025-11-30 21:19:21,,person
2025-11-30 21:19:22,CHAYMAE,
2025-11-30 21:19:22,,person
2025-11-30 21:19:22,CHAYMAE,
2025-11-30 21:19:22,,person
2025-11-30 21:19:23,CHAYMAE,
2025-11-30 21:19:23,,person
2025-11-30 21:19:23,CHAYMAE,
2025-11-30 21:19:23,,person
2025-11-30 21:19:24,CHAYMAE,
2025-11-30 21:19:24,,person
2025-11-30 21:19:24,CHAYMAE,
2025-11-30 21:19:24,,person
2025-11-30 21:19:24,CHAYMAE,
2025-11-30 21:19:25,,person
2025-11-30 21:19:25,CHAYMAE,
2025-11-30 21:19:25,,person
2025-11-30 21:19:25,,person
2025-11-30 21:19:26,,person
2025-11-30 21:19:26,,person
2025-11-30 21:19:26,,person
2025-11-30 21:19:26,,person
2025-11-30 21:19:27,,person
2025-11-30 21:19:27,,person
2025-11-30 21:19:27,,person
2025-11-30 21:19:28,,person
2025-11-30 21:19:28,,person
2025-11-30 21:19:28,,person
2025-11-30 21:19:28,CHAYMAE,
2025-11-30 21:19:28,,person
2025-11-30 21:19:29,CHAYMAE,
2025-11-30 21:19:29,,person
2025-11-30 21:19:29,CHAYMAE,
2025-11-30 21:19:29,,person
2025-11-30 21:19:30,CHAYMAE,
2025-11-30 21:19:30,CHAYMAE,
2025-11-30 21:19:30,,person
2025-11-30 21:19:30,CHAYMAE,
2025-11-30 21:19:31,CHAYMAE,
